id,target,sequence
sequence_40826,539,MLMTVFSSAPELALLGSTFAQVDPSNLSVSDSLTYGQFNLVYNAFSFAIAAMFASALFFFSAQALVGQRYRLALLVSAIVVSIAGYHYFRIFNSWDAAYVLENGVYSLTSEKFNDAYRYVDWLLTVPLLLVETVAVLTLPAKEARPLLIKLTVASVLMIATGYPGEISDDITTRIIWGTVSTIPFAYILYVLWVELSRSLVRQPAAVQTLVRNMRWLLLLSWGVYPIAYLLPMLGVSGTSAAVGVQVGYTIADVLAKPVFGLLVFAIALVKTKADQESSEPHAAIGAAANKSGGSLIS
sequence_40787,510,MLMTVFSSAPELALLGSTFAQVDPSNLSVSDSLTYGQFNLVYNAFSFAIAAMFASALFFFSAQALVGQRYRLALLVSAIVVSIAGYHYFRIFNSWDAAYVLENGVYSLTSEKFNDAYRYVDALLTVPLLLVETVAVLTLPAKEARPLLIKLTVASVLMIATGYPGEISDDITTRIIWGTVSTIPFAYILYVLWVELSRSLVRQPAAVQTLVRNMRWLLLLSWGVYPIAYLLPMLGVSGTSAAVGVQVGYTIADVLAKPVFGLLVFAIALVKTKADQESSEPHAAIGAAANKSGGSLIS
sequence_40789,510,MLMTVFSSAPELALLGSTFAQVDPSNLSVSDSLTYGQFNLVYNAFSFAIAAMFASALFFFSAQALVGQRYRLALLVSAIVVSIAGYHYFRIFNSWDAAYVLENGVYSLTSEKFNDAYRYVDGLLTVPLLLVETVAVLTLPAKEARPLLIKLTVASVLMIATGYPGEISDDITTRIIWGTVSTIPFAYILYVLWVELSRSLVRQPAAVQTLVRNMRWLLLLSWGVYPIAYLLPMLGVSGTSAAVGVQVGYTIADVLAKPVFGLLVFAIALVKTKADQESSEPHAAIGAAANKSGGSLIS
sequence_40794,519,MLMTVFSSAPELALLGSTFAQVDPSNLSVSDSLTYGQFNLVYNAFSFAIAAMFASALFFFSAQALVGQRYRLALLVSAIVVSIAGYHYFRIFNSWDAAYVLENGVYSLTSEKFNDAYRYVDRLLTVPLLLVETVAVLTLPAKEARPLLIKLTVASVLMIATGYPGEISDDITTRIIWGTVSTIPFAYILYVLWVELSRSLVRQPAAVQTLVRNMRWLLLLSWGVYPIAYLLPMLGVSGTSAAVGVQVGYTIADVLAKPVFGLLVFAIALVKTKADQESSEPHAAIGAAANKSGGSLIS
sequence_40806,525,MLMTVFSSAPELALLGSTFAQVDPSNLSVSDSLTYGQFNLVYNAFSFAIAAMFASALFFFSAQALVGQRYRLALLVSAIVVSIAGYHYFRIFNSWDAAYVLENGVYSLTSEKFNDAYRYVDWLLTAPLLLVETVAVLTLPAKEARPLLIKLTVASVLMIATGYPGEISDDITTRIIWGTVSTIPFAYILYVLWVELSRSLVRQPAAVQTLVRNMRWLLLLSWGVYPIAYLLPMLGVSGTSAAVGVQVGYTIADVLAKPVFGLLVFAIALVKTKADQESSEPHAAIGAAANKSGGSLIS
sequence_40807,528,MLMTVFSSAPELALLGSTFAQVDPSNLSVSDSLTYGQFNLVYNAFSFAIAAMFASALFFFSAQALVGQRYRLALLVSAIVVSIAGYHYFRIFNSWDAAYVLENGVYSLTSEKFNDAYRYVDWLLTDPLLLVETVAVLTLPAKEARPLLIKLTVASVLMIATGYPGEISDDITTRIIWGTVSTIPFAYILYVLWVELSRSLVRQPAAVQTLVRNMRWLLLLSWGVYPIAYLLPMLGVSGTSAAVGVQVGYTIADVLAKPVFGLLVFAIALVKTKADQESSEPHAAIGAAANKSGGSLIS
sequence_40809,528,MLMTVFSSAPELALLGSTFAQVDPSNLSVSDSLTYGQFNLVYNAFSFAIAAMFASALFFFSAQALVGQRYRLALLVSAIVVSIAGYHYFRIFNSWDAAYVLENGVYSLTSEKFNDAYRYVDWLLTTPLLLVETVAVLTLPAKEARPLLIKLTVASVLMIATGYPGEISDDITTRIIWGTVSTIPFAYILYVLWVELSRSLVRQPAAVQTLVRNMRWLLLLSWGVYPIAYLLPMLGVSGTSAAVGVQVGYTIADVLAKPVFGLLVFAIALVKTKADQESSEPHAAIGAAANKSGGSLIS
sequence_40811,534,MLMTVFSSAPELALLGSTFAQVDPSNLSVSDSLTYGQFNLVYNAFSFAIAAMFASALFFFSAQALVGQRYRLALLVSAIVVSIAGYHYFRIFNSWDAAYVLENGVYSLTSEKFNDAYRYVDWLLTVPLLLVETVAVLTLPAKEARPLLIKLTVASVLAIATGYPGEISDDITTRIIWGTVSTIPFAYILYVLWVELSRSLVRQPAAVQTLVRNMRWLLLLSWGVYPIAYLLPMLGVSGTSAAVGVQVGYTIADVLAKPVFGLLVFAIALVKTKADQESSEPHAAIGAAANKSGGSLIS
sequence_40813,528,MLMTVFSSAPELALLGSTFAQVDPSNLSVSDSLTYGQFNLVYNAFSFAIAAMFASALFFFSAQALVGQRYRLALLVSAIVVSIAGYHYFRIFNSWDAAYVLENGVYSLTSEKFNDAYRYVDWLLTVPLLLVETVAVLTLPAKEARPLLIKLTVASVLLIATGYPGEISDDITTRIIWGTVSTIPFAYILYVLWVELSRSLVRQPAAVQTLVRNMRWLLLLSWGVYPIAYLLPMLGVSGTSAAVGVQVGYTIADVLAKPVFGLLVFAIALVKTKADQESSEPHAAIGAAANKSGGSLIS
sequence_40814,510,MLMTVFSSAPELALLGSTFAQVDPSNLSVSDSLTYGQFNLVYNAFSFAIAAMFASALFFFSAQALVGQRYRLALLVSAIVVSIAGYHYFRIFNSWDAAYVLENGVYSLTSEKFNDAYRYVDWLLTVPLLLVETVAVLTLPAKEARPLLIKLTVASVLMIATCYPGEISDDITTRIIWGTVSTIPFAYILYVLWVELSRSLVRQPAAVQTLVRNMRWLLLLSWGVYPIAYLLPMLGVSGTSAAVGVQVGYTIADVLAKPVFGLLVFAIALVKTKADQESSEPHAAIGAAANKSGGSLIS
sequence_40845,495,MLMTVFSSAPELALLGSTFAQVDPSNLSVSDSLTYGQFNLVYNAFSFAIAAMFASALFFFSAQALVGQRYRLALLVSAIVVSIAGYHYFRIFNSWDAAYVLENGVYSLTSEKFNDAYRYVDWLLTVPLLLVETVAVLTLPAKEARPLLIKLTVASVLMIATLYPGEISDDITTRIIWGTVSTIPFAYILYVLWVELSRSLVRQPAAVQTLVRNMRWLLLLSWGVYPIAYLLPMLGVSGTSAAVGVQVGYTIADVLAKPVFGLLVFAIALVKTKADQESSEPHAAIGAAANKSGGSLIS
sequence_40855,522,MLMTVFSSAPELALLGSTFAQVDPSNLSVSDSLTYGQFNLVYNAFSFAIAAMFASALFFFSAQALVGQRYRLALLVSAIVVSIAGYHYFRIFNSWDAAYVLENGVYSLTSEKFNDAYRYVDWLLTVPLLLVETVAVLTLPAKEARPLLIKLTVASVLMIATSYPGEISDDITTRIIWGTVSTIPFAYILYVLWVELSRSLVRQPAAVQTLVRNMRWLLLLSWGVYPIAYLLPMLGVSGTSAAVGVQVGYTIADVLAKPVFGLLVFAIALVKTKADQESSEPHAAIGAAANKSGGSLIS
sequence_40857,522,MLMTVFSSAPELALLGSTFAQVDPSNLSVSDSLTYGQFNLVYNAFSFAIAAMFASALFFFSAQALVGQRYRLALLVSAIVVSIAGYHYFRIFNSWDAAYVLENGVYSLTSEKFNDAYRYVDWLLTVPLLLVETVAVLTLPAKEARPLLIKLTVASVLMIATVYPGEISDDITTRIIWGTVSTIPFAYILYVLWVELSRSLVRQPAAVQTLVRNMRWLLLLSWGVYPIAYLLPMLGVSGTSAAVGVQVGYTIADVLAKPVFGLLVFAIALVKTKADQESSEPHAAIGAAANKSGGSLIS
sequence_40840,528,MLMTVFSSAPELALLGSTFAQVDPSNLSVSDSLTYGQFNLVYNAFSFAIAAMFASALFFFSAQALVGQRYRLALLVSAIVVSIAGYHYFRIFNSWDAAYVLENGVYSLTSEKFNDAYRYVDWLLTVPLLLVETVAVLTLPAKEARPLLIKLTVASVLMIATGYPGLISDDITTRIIWGTVSTIPFAYILYVLWVELSRSLVRQPAAVQTLVRNMRWLLLLSWGVYPIAYLLPMLGVSGTSAAVGVQVGYTIADVLAKPVFGLLVFAIALVKTKADQESSEPHAAIGAAANKSGGSLIS
sequence_40841,528,MLMTVFSSAPELALLGSTFAQVDPSNLSVSDSLTYGQFNLVYNAFSFAIAAMFASALFFFSAQALVGQRYRLALLVSAIVVSIAGYHYFRIFNSWDAAYVLENGVYSLTSEKFNDAYRYVDWLLTVPLLLVETVAVLTLPAKEARPLLIKLTVASVLMIATGYPGMISDDITTRIIWGTVSTIPFAYILYVLWVELSRSLVRQPAAVQTLVRNMRWLLLLSWGVYPIAYLLPMLGVSGTSAAVGVQVGYTIADVLAKPVFGLLVFAIALVKTKADQESSEPHAAIGAAANKSGGSLIS
sequence_40842,522,MLMTVFSSAPELALLGSTFAQVDPSNLSVSDSLTYGQFNLVYNAFSFAIAAMFASALFFFSAQALVGQRYRLALLVSAIVVSIAGYHYFRIFNSWDAAYVLENGVYSLTSEKFNDAYRYVDWLLTVPLLLVETVAVLTLPAKEARPLLIKLTVASVLMIATGYPGPISDDITTRIIWGTVSTIPFAYILYVLWVELSRSLVRQPAAVQTLVRNMRWLLLLSWGVYPIAYLLPMLGVSGTSAAVGVQVGYTIADVLAKPVFGLLVFAIALVKTKADQESSEPHAAIGAAANKSGGSLIS
sequence_40844,519,MLMTVFSSAPELALLGSTFAQVDPSNLSVSDSLTYGQFNLVYNAFSFAIAAMFASALFFFSAQALVGQRYRLALLVSAIVVSIAGYHYFRIFNSWDAAYVLENGVYSLTSEKFNDAYRYVDWLLTVPLLLVETVAVLTLPAKEARPLLIKLTVASVLMIATGYPGWISDDITTRIIWGTVSTIPFAYILYVLWVELSRSLVRQPAAVQTLVRNMRWLLLLSWGVYPIAYLLPMLGVSGTSAAVGVQVGYTIADVLAKPVFGLLVFAIALVKTKADQESSEPHAAIGAAANKSGGSLIS
sequence_40838,531,MLMTVFSSAPELALLGSTFAQVDPSNLSVSDSLTYGQFNLVYNAFSFAIAAMFASALFFFSAQALVGQRYRLALLVSAIVVSIAGYHYFRIFNSWDAAYVLENGVYSLTSEKFNDAYRYVDWLLTVPLLLVETVAVLTLPAKEARPLLIKLTVASVLMIATGYPGEISDDITTRIIWQTVSTIPFAYILYVLWVELSRSLVRQPAAVQTLVRNMRWLLLLSWGVYPIAYLLPMLGVSGTSAAVGVQVGYTIADVLAKPVFGLLVFAIALVKTKADQESSEPHAAIGAAANKSGGSLIS
sequence_40816,531,MLMTVFSSAPELALLGSTFAQVDPSNLSVSDSLTYGQFNLVYNAFSFAIAAMFASALFFFSAQALVGQRYRLALLVSAIVVSIAGYHYFRIFNSWDAAYVLENGVYSLTSEKFNDAYRYVDWLLTVPLLLVETVAVLTLPAKEARPLLIKLTVASVLMIATGYPGEISDDITTRIIWGTVATIPFAYILYVLWVELSRSLVRQPAAVQTLVRNMRWLLLLSWGVYPIAYLLPMLGVSGTSAAVGVQVGYTIADVLAKPVFGLLVFAIALVKTKADQESSEPHAAIGAAANKSGGSLIS
sequence_40817,528,MLMTVFSSAPELALLGSTFAQVDPSNLSVSDSLTYGQFNLVYNAFSFAIAAMFASALFFFSAQALVGQRYRLALLVSAIVVSIAGYHYFRIFNSWDAAYVLENGVYSLTSEKFNDAYRYVDWLLTVPLLLVETVAVLTLPAKEARPLLIKLTVASVLMIATGYPGEISDDITTRIIWGTVGTIPFAYILYVLWVELSRSLVRQPAAVQTLVRNMRWLLLLSWGVYPIAYLLPMLGVSGTSAAVGVQVGYTIADVLAKPVFGLLVFAIALVKTKADQESSEPHAAIGAAANKSGGSLIS
sequence_40818,522,MLMTVFSSAPELALLGSTFAQVDPSNLSVSDSLTYGQFNLVYNAFSFAIAAMFASALFFFSAQALVGQRYRLALLVSAIVVSIAGYHYFRIFNSWDAAYVLENGVYSLTSEKFNDAYRYVDWLLTVPLLLVETVAVLTLPAKEARPLLIKLTVASVLMIATGYPGEISDDITTRIIWGTVPTIPFAYILYVLWVELSRSLVRQPAAVQTLVRNMRWLLLLSWGVYPIAYLLPMLGVSGTSAAVGVQVGYTIADVLAKPVFGLLVFAIALVKTKADQESSEPHAAIGAAANKSGGSLIS
sequence_40827,525,MLMTVFSSAPELALLGSTFAQVDPSNLSVSDSLTYGQFNLVYNAFSFAIAAMFASALFFFSAQALVGQRYRLALLVSAIVVSIAGYHYFRIFNSWDAAYVLENGVYSLTSEKFNDAYRYVDWLLTVPLLLVETVAVLTLPAKEARPLLIKLTVASVLMIATGYPGEISDDITTRIIWGTVSTIPFAYILYVLWVELSRSLVRQPAAVQTLVRNMRWLLLLSWGVYPIAYLLPMLGVSGTSAAVGVQVGYTIADVLCKPVFGLLVFAIALVKTKADQESSEPHAAIGAAANKSGGSLIS
sequence_40828,519,MLMTVFSSAPELALLGSTFAQVDPSNLSVSDSLTYGQFNLVYNAFSFAIAAMFASALFFFSAQALVGQRYRLALLVSAIVVSIAGYHYFRIFNSWDAAYVLENGVYSLTSEKFNDAYRYVDWLLTVPLLLVETVAVLTLPAKEARPLLIKLTVASVLMIATGYPGEISDDITTRIIWGTVSTIPFAYILYVLWVELSRSLVRQPAAVQTLVRNMRWLLLLSWGVYPIAYLLPMLGVSGTSAAVGVQVGYTIADVLDKPVFGLLVFAIALVKTKADQESSEPHAAIGAAANKSGGSLIS
sequence_40829,528,MLMTVFSSAPELALLGSTFAQVDPSNLSVSDSLTYGQFNLVYNAFSFAIAAMFASALFFFSAQALVGQRYRLALLVSAIVVSIAGYHYFRIFNSWDAAYVLENGVYSLTSEKFNDAYRYVDWLLTVPLLLVETVAVLTLPAKEARPLLIKLTVASVLMIATGYPGEISDDITTRIIWGTVSTIPFAYILYVLWVELSRSLVRQPAAVQTLVRNMRWLLLLSWGVYPIAYLLPMLGVSGTSAAVGVQVGYTIADVLGKPVFGLLVFAIALVKTKADQESSEPHAAIGAAANKSGGSLIS
sequence_40831,525,MLMTVFSSAPELALLGSTFAQVDPSNLSVSDSLTYGQFNLVYNAFSFAIAAMFASALFFFSAQALVGQRYRLALLVSAIVVSIAGYHYFRIFNSWDAAYVLENGVYSLTSEKFNDAYRYVDWLLTVPLLLVETVAVLTLPAKEARPLLIKLTVASVLMIATGYPGEISDDITTRIIWGTVSTIPFAYILYVLWVELSRSLVRQPAAVQTLVRNMRWLLLLSWGVYPIAYLLPMLGVSGTSAAVGVQVGYTIADVLSKPVFGLLVFAIALVKTKADQESSEPHAAIGAAANKSGGSLIS
sequence_40856,498,MLMTVFSSAPELALLGSTFAQVDPSNLSVSDSLTYGQFNLVYNAFSFAIAAMFASALFFFSAQALVGQRYRLALLVSAIVVSIAGYHYFRIFNSWDAAYVLENGVYSLTSEKFNDAYRYVDWLLTVPLLLVETVAVLTLPAKEARPLLIKLTVASVLMIATSYPGWISDDITTRIIWGTVGTIPFAYILYVLWVELSRSLVRQPAAVQTLVRNMRWLLLLSWGVYPIAYLLPMLGVSGTSAAVGVQVGYTIADVLSKPVFGLLVFAIALVKTKADQESSEPHAAIGAAANKSGGSLIS
sequence_40815,498,MLMTVFSSAPELALLGSTFAQVDPSNLSVSDSLTYGQFNLVYNAFSFAIAAMFASALFFFSAQALVGQRYRLALLVSAIVVSIAGYHYFRIFNSWDAAYVLENGVYSLTSEKFNDAYRYVDWLLTVPLLLVETVAVLTLPAKEARPLLIKLTVASVLMIATCYPGWISDDITTRIIWGTVGTIPFAYILYVLWVELSRSLVRQPAAVQTLVRNMRWLLLLSWGVYPIAYLLPMLGVSGTSAAVGVQVGYTIADVLSKPVFGLLVFAIALVKTKADQESSEPHAAIGAAANKSGGSLIS
sequence_40851,477,MLMTVFSSAPELALLGSTFAQVDPSNLSVSDSLTYGQFNLVYNAFSFAIAAMFASALFFFSAQALVGQRYRLALLVSAIVVSIAGYHYFRIFNSWDAAYVLENGVYSLTSEKFNDAYRYVDWLLTVPLLLVETVAVLTLPAKEARPLLIKLTVASVLMIATLYPGWISDDITTRIIWGTVSTIPFAYILYVLWVELSRSLVRQPAAVQTLVRNMRWLLLLSWGVYPIAYLLPMLGVSGTSAAVGVQVGYTIADVLCKPVFGLLVFAIALVKTKADQESSEPHAAIGAAANKSGGSLIS
sequence_40847,486,MLMTVFSSAPELALLGSTFAQVDPSNLSVSDSLTYGQFNLVYNAFSFAIAAMFASALFFFSAQALVGQRYRLALLVSAIVVSIAGYHYFRIFNSWDAAYVLENGVYSLTSEKFNDAYRYVDWLLTVPLLLVETVAVLTLPAKEARPLLIKLTVASVLMIATLYPGWISDDITTRIIWGTVGTIPFAYILYVLWVELSRSLVRQPAAVQTLVRNMRWLLLLSWGVYPIAYLLPMLGVSGTSAAVGVQVGYTIADVLSKPVFGLLVFAIALVKTKADQESSEPHAAIGAAANKSGGSLIS
sequence_40858,495,MLMTVFSSAPELALLGSTFAQVDPSNLSVSDSLTYGQFNLVYNAFSFAIAAMFASALFFFSAQALVGQRYRLALLVSAIVVSIAGYHYFRIFNSWDAAYVLENGVYSLTSEKFNDAYRYVDWLLTVPLLLVETVAVLTLPAKEARPLLIKLTVASVLMIATVYPGWISDDITTRIIWGTVGTIPFAYILYVLWVELSRSLVRQPAAVQTLVRNMRWLLLLSWGVYPIAYLLPMLGVSGTSAAVGVQVGYTIADVLSKPVFGLLVFAIALVKTKADQESSEPHAAIGAAANKSGGSLIS
sequence_40852,474,MLMTVFSSAPELALLGSTFAQVDPSNLSVSDSLTYGQFNLVYNAFSFAIAAMFASALFFFSAQALVGQRYRLALLVSAIVVSIAGYHYFRIFNSWDAAYVLENGVYSLTSEKFNDAYRYVDWLLTVPLLLVETVAVLTLPAKEARPLLIKLTVASVLMIATLYPGWISDDITTRIIWGTVSTIPFAYILYVLWVELSRSLVRQPAAVQTLVRNMRWLLLLSWGVYPIAYLLPMLGVSGTSAAVGVQVGYTIADVLSKPVFGLLVFAIALVKTKADQESSEPHAAIGAAANKSGGSLIS
sequence_40843,495,MLMTVFSSAPELALLGSTFAQVDPSNLSVSDSLTYGQFNLVYNAFSFAIAAMFASALFFFSAQALVGQRYRLALLVSAIVVSIAGYHYFRIFNSWDAAYVLENGVYSLTSEKFNDAYRYVDWLLTVPLLLVETVAVLTLPAKEARPLLIKLTVASVLMIATGYPGWISDDITTRIIWGTVGTIPFAYILYVLWVELSRSLVRQPAAVQTLVRNMRWLLLLSWGVYPIAYLLPMLGVSGTSAAVGVQVGYTIADVLSKPVFGLLVFAIALVKTKADQESSEPHAAIGAAANKSGGSLIS
sequence_40846,483,MLMTVFSSAPELALLGSTFAQVDPSNLSVSDSLTYGQFNLVYNAFSFAIAAMFASALFFFSAQALVGQRYRLALLVSAIVVSIAGYHYFRIFNSWDAAYVLENGVYSLTSEKFNDAYRYVDWLLTVPLLLVETVAVLTLPAKEARPLLIKLTVASVLMIATLYPGWISDDITTRIIWGTVGTIPFAYILYVLWVELSRSLVRQPAAVQTLVRNMRWLLLLSWGVYPIAYLLPMLGVSGTSAAVGVQVGYTIADVLCKPVFGLLVFAIALVKTKADQESSEPHAAIGAAANKSGGSLIS
sequence_40791,454,MLMTVFSSAPELALLGSTFAQVDPSNLSVSDSLTYGQFNLVYNAFSFAIAAMFASALFFFSAQALVGQRYRLALLVSAIVVSIAGYHYFRIFNSWDAAYVLENGVYSLTSEKFNDAYRYVDLLLTVPLLLVETVAVLTLPAKEARPLLIKLTVASVLMIATLYPGWISDDITTRIIWGTVSTIPFAYILYVLWVELSRSLVRQPAAVQTLVRNMRWLLLLSWGVYPIAYLLPMLGVSGTSAAVGVQVGYTIADVLSKPVFGLLVFAIALVKTKADQESSEPHAAIGAAANKSGGSLIS
sequence_40793,456,MLMTVFSSAPELALLGSTFAQVDPSNLSVSDSLTYGQFNLVYNAFSFAIAAMFASALFFFSAQALVGQRYRLALLVSAIVVSIAGYHYFRIFNSWDAAYVLENGVYSLTSEKFNDAYRYVDMLLTVPLLLVETVAVLTLPAKEARPLLIKLTVASVLMIATLYPGWISDDITTRIIWGTVSTIPFAYILYVLWVELSRSLVRQPAAVQTLVRNMRWLLLLSWGVYPIAYLLPMLGVSGTSAAVGVQVGYTIADVLSKPVFGLLVFAIALVKTKADQESSEPHAAIGAAANKSGGSLIS
sequence_40861,464,MLMTVFSSAPELALLGSTFAQVDPSNLSVSDSLTYGQFNLVYNAFSFAIAAMFASALFFFSAQALVGQRYRLALLVSAIVVSIAGYHYFRIFNSWDAAYVLENGVYSLTSEKFNDAYRYVDWLLTVPLTLVETVAVLTLPAKEARPLLIKLTVASVLMIATLYPGWISDDITTRIIWGTVSTIPFAYILYVLWVELSRSLVRQPAAVQTLVRNMRWLLLLSWGVYPIAYLLPMLGVSGTSAAVGVQVGYTIADVLSKPVFGLLVFAIALVKTKADQESSEPHAAIGAAANKSGGSLIS
sequence_40812,464,MLMTVFSSAPELALLGSTFAQVDPSNLSVSDSLTYGQFNLVYNAFSFAIAAMFASALFFFSAQALVGQRYRLALLVSAIVVSIAGYHYFRIFNSWDAAYVLENGVYSLTSEKFNDAYRYVDWLLTVPLLLVETVAVLTLPAKEARPLLIKLTVASVLGIATLYPGWISDDITTRIIWGTVSTIPFAYILYVLWVELSRSLVRQPAAVQTLVRNMRWLLLLSWGVYPIAYLLPMLGVSGTSAAVGVQVGYTIADVLSKPVFGLLVFAIALVKTKADQESSEPHAAIGAAANKSGGSLIS
sequence_40854,465,MLMTVFSSAPELALLGSTFAQVDPSNLSVSDSLTYGQFNLVYNAFSFAIAAMFASALFFFSAQALVGQRYRLALLVSAIVVSIAGYHYFRIFNSWDAAYVLENGVYSLTSEKFNDAYRYVDWLLTVPLLLVETVAVLTLPAKEARPLLIKLTVASVLMIATLYPGWISDDITTRIIWSTVSTIPFAYILYVLWVELSRSLVRQPAAVQTLVRNMRWLLLLSWGVYPIAYLLPMLGVSGTSAAVGVQVGYTIADVLSKPVFGLLVFAIALVKTKADQESSEPHAAIGAAANKSGGSLIS
sequence_40853,463,MLMTVFSSAPELALLGSTFAQVDPSNLSVSDSLTYGQFNLVYNAFSFAIAAMFASALFFFSAQALVGQRYRLALLVSAIVVSIAGYHYFRIFNSWDAAYVLENGVYSLTSEKFNDAYRYVDWLLTVPLLLVETVAVLTLPAKEARPLLIKLTVASVLMIATLYPGWISDDITTRIIWGTVSTIPGAYILYVLWVELSRSLVRQPAAVQTLVRNMRWLLLLSWGVYPIAYLLPMLGVSGTSAAVGVQVGYTIADVLSKPVFGLLVFAIALVKTKADQESSEPHAAIGAAANKSGGSLIS
sequence_40848,461,MLMTVFSSAPELALLGSTFAQVDPSNLSVSDSLTYGQFNLVYNAFSFAIAAMFASALFFFSAQALVGQRYRLALLVSAIVVSIAGYHYFRIFNSWDAAYVLENGVYSLTSEKFNDAYRYVDWLLTVPLLLVETVAVLTLPAKEARPLLIKLTVASVLMIATLYPGWISDDITTRIIWGTVSTIPAAYILYVLWVELSRSLVRQPAAVQTLVRNMRWLLLLSWGVYPIAYLLPMLGVSGTSAAVGVQVGYTIADVLSKPVFGLLVFAIALVKTKADQESSEPHAAIGAAANKSGGSLIS
sequence_40849,464,MLMTVFSSAPELALLGSTFAQVDPSNLSVSDSLTYGQFNLVYNAFSFAIAAMFASALFFFSAQALVGQRYRLALLVSAIVVSIAGYHYFRIFNSWDAAYVLENGVYSLTSEKFNDAYRYVDWLLTVPLLLVETVAVLTLPAKEARPLLIKLTVASVLMIATLYPGWISDDITTRIIWGTVSTIPFAYILYVLWVELSRSLVRQPAAVQTLVRNMRWLLLLSWGVYPIAGLLPMLGVSGTSAAVGVQVGYTIADVLSKPVFGLLVFAIALVKTKADQESSEPHAAIGAAANKSGGSLIS
sequence_40850,462,MLMTVFSSAPELALLGSTFAQVDPSNLSVSDSLTYGQFNLVYNAFSFAIAAMFASALFFFSAQALVGQRYRLALLVSAIVVSIAGYHYFRIFNSWDAAYVLENGVYSLTSEKFNDAYRYVDWLLTVPLLLVETVAVLTLPAKEARPLLIKLTVASVLMIATLYPGWISDDITTRIIWGTVSTIPFAYILYVLWVELSRSLVRQPAAVQTLVRNMRWLLLLSWGVYPIATLLPMLGVSGTSAAVGVQVGYTIADVLSKPVFGLLVFAIALVKTKADQESSEPHAAIGAAANKSGGSLIS
sequence_40792,517,MLMTVFSSAPELALLGSTFAQVDPSNLSVSDSLTYGQFNLVYNAFSFAIAAMFASALFFFSAQALVGQRYRLALLVSAIVVSIAGYHYFRIFNSWDAAYVLENGVYSLTSEKFNDAYRYVDMLLTVPLLLVETVAVLTLPAKEARPLLIKLTVASVLMIATGYPGEISDDITTRIIWGTVSTIPFAYILYVLWVELSRSLVRQPAAVQTLVRNMRWLLLLSWGVYPIAYLLPMLGVSGTSAAVGVQVGYTIADVLAKPVFGLLVFAIALVKTKADQESSEPHAAIGAAANKSGGSLIS
sequence_40790,523,MLMTVFSSAPELALLGSTFAQVDPSNLSVSDSLTYGQFNLVYNAFSFAIAAMFASALFFFSAQALVGQRYRLALLVSAIVVSIAGYHYFRIFNSWDAAYVLENGVYSLTSEKFNDAYRYVDLLLTVPLLLVETVAVLTLPAKEARPLLIKLTVASVLMIATGYPGEISDDITTRIIWGTVSTIPFAYILYVLWVELSRSLVRQPAAVQTLVRNMRWLLLLSWGVYPIAYLLPMLGVSGTSAAVGVQVGYTIADVLAKPVFGLLVFAIALVKTKADQESSEPHAAIGAAANKSGGSLIS
sequence_40860,535,MLMTVFSSAPELALLGSTFAQVDPSNLSVSDSLTYGQFNLVYNAFSFAIAAMFASALFFFSAQALVGQRYRLALLVSAIVVSIAGYHYFRIFNSWDAAYVLENGVYSLTSEKFNDAYRYVDWLLTVPLTLVETVAVLTLPAKEARPLLIKLTVASVLMIATGYPGEISDDITTRIIWGTVSTIPFAYILYVLWVELSRSLVRQPAAVQTLVRNMRWLLLLSWGVYPIAYLLPMLGVSGTSAAVGVQVGYTIADVLAKPVFGLLVFAIALVKTKADQESSEPHAAIGAAANKSGGSLIS
sequence_40839,538,MLMTVFSSAPELALLGSTFAQVDPSNLSVSDSLTYGQFNLVYNAFSFAIAAMFASALFFFSAQALVGQRYRLALLVSAIVVSIAGYHYFRIFNSWDAAYVLENGVYSLTSEKFNDAYRYVDWLLTVPLLLVETVAVLTLPAKEARPLLIKLTVASVLMIATGYPGEISDDITTRIIWSTVSTIPFAYILYVLWVELSRSLVRQPAAVQTLVRNMRWLLLLSWGVYPIAYLLPMLGVSGTSAAVGVQVGYTIADVLAKPVFGLLVFAIALVKTKADQESSEPHAAIGAAANKSGGSLIS
sequence_40835,535,MLMTVFSSAPELALLGSTFAQVDPSNLSVSDSLTYGQFNLVYNAFSFAIAAMFASALFFFSAQALVGQRYRLALLVSAIVVSIAGYHYFRIFNSWDAAYVLENGVYSLTSEKFNDAYRYVDWLLTVPLLLVETVAVLTLPAKEARPLLIKLTVASVLMIATGYPGEISDDITTRIIWGTVSTIPGAYILYVLWVELSRSLVRQPAAVQTLVRNMRWLLLLSWGVYPIAYLLPMLGVSGTSAAVGVQVGYTIADVLAKPVFGLLVFAIALVKTKADQESSEPHAAIGAAANKSGGSLIS
sequence_40819,532,MLMTVFSSAPELALLGSTFAQVDPSNLSVSDSLTYGQFNLVYNAFSFAIAAMFASALFFFSAQALVGQRYRLALLVSAIVVSIAGYHYFRIFNSWDAAYVLENGVYSLTSEKFNDAYRYVDWLLTVPLLLVETVAVLTLPAKEARPLLIKLTVASVLMIATGYPGEISDDITTRIIWGTVSTIPAAYILYVLWVELSRSLVRQPAAVQTLVRNMRWLLLLSWGVYPIAYLLPMLGVSGTSAAVGVQVGYTIADVLAKPVFGLLVFAIALVKTKADQESSEPHAAIGAAANKSGGSLIS
sequence_40824,523,MLMTVFSSAPELALLGSTFAQVDPSNLSVSDSLTYGQFNLVYNAFSFAIAAMFASALFFFSAQALVGQRYRLALLVSAIVVSIAGYHYFRIFNSWDAAYVLENGVYSLTSEKFNDAYRYVDWLLTVPLLLVETVAVLTLPAKEARPLLIKLTVASVLMIATGYPGEISDDITTRIIWGTVSTIPFAYILYVLWVELSRSLVRQPAAVQTLVRNMRWLLLLSWGVYPIAGLLPMLGVSGTSAAVGVQVGYTIADVLAKPVFGLLVFAIALVKTKADQESSEPHAAIGAAANKSGGSLIS
sequence_40825,532,MLMTVFSSAPELALLGSTFAQVDPSNLSVSDSLTYGQFNLVYNAFSFAIAAMFASALFFFSAQALVGQRYRLALLVSAIVVSIAGYHYFRIFNSWDAAYVLENGVYSLTSEKFNDAYRYVDWLLTVPLLLVETVAVLTLPAKEARPLLIKLTVASVLMIATGYPGEISDDITTRIIWGTVSTIPFAYILYVLWVELSRSLVRQPAAVQTLVRNMRWLLLLSWGVYPIATLLPMLGVSGTSAAVGVQVGYTIADVLAKPVFGLLVFAIALVKTKADQESSEPHAAIGAAANKSGGSLIS
sequence_40797,558,MLMTVFSSAPELALLGSTFAQVDPSNLSVSDSLTYGQFNLVYNAFSFAIAAMFASALFFFSAQALVGQRYRLALLVSAIVVSIAGYHYFRIFNSWDAAYVLENGVYSLTSEKFNDAYRYVDWLLCVPLLLVETVAVLTLPAKEARPLLIKLTVASVLMIATGYPGEISDDITTRIIWGTVSTIPFAYILYVLWVELSRSLVRQPAAVQTLVRNMRWLLLLSWGVYPIAYLLPMLGVSGTSAAVGVQVGYTIADVLAKPVFGLLVFAIALVKTKADQESSEPHAAIGAAANKSGGSLIS
sequence_40800,558,MLMTVFSSAPELALLGSTFAQVDPSNLSVSDSLTYGQFNLVYNAFSFAIAAMFASALFFFSAQALVGQRYRLALLVSAIVVSIAGYHYFRIFNSWDAAYVLENGVYSLTSEKFNDAYRYVDWLLDVPLLLVETVAVLTLPAKEARPLLIKLTVASVLMIATGYPGEISDDITTRIIWGTVSTIPFAYILYVLWVELSRSLVRQPAAVQTLVRNMRWLLLLSWGVYPIAYLLPMLGVSGTSAAVGVQVGYTIADVLAKPVFGLLVFAIALVKTKADQESSEPHAAIGAAANKSGGSLIS
sequence_40803,549,MLMTVFSSAPELALLGSTFAQVDPSNLSVSDSLTYGQFNLVYNAFSFAIAAMFASALFFFSAQALVGQRYRLALLVSAIVVSIAGYHYFRIFNSWDAAYVLENGVYSLTSEKFNDAYRYVDWLLGVPLLLVETVAVLTLPAKEARPLLIKLTVASVLMIATGYPGEISDDITTRIIWGTVSTIPFAYILYVLWVELSRSLVRQPAAVQTLVRNMRWLLLLSWGVYPIAYLLPMLGVSGTSAAVGVQVGYTIADVLAKPVFGLLVFAIALVKTKADQESSEPHAAIGAAANKSGGSLIS
sequence_40804,561,MLMTVFSSAPELALLGSTFAQVDPSNLSVSDSLTYGQFNLVYNAFSFAIAAMFASALFFFSAQALVGQRYRLALLVSAIVVSIAGYHYFRIFNSWDAAYVLENGVYSLTSEKFNDAYRYVDWLLLVPLLLVETVAVLTLPAKEARPLLIKLTVASVLMIATGYPGEISDDITTRIIWGTVSTIPFAYILYVLWVELSRSLVRQPAAVQTLVRNMRWLLLLSWGVYPIAYLLPMLGVSGTSAAVGVQVGYTIADVLAKPVFGLLVFAIALVKTKADQESSEPHAAIGAAANKSGGSLIS
sequence_40805,564,MLMTVFSSAPELALLGSTFAQVDPSNLSVSDSLTYGQFNLVYNAFSFAIAAMFASALFFFSAQALVGQRYRLALLVSAIVVSIAGYHYFRIFNSWDAAYVLENGVYSLTSEKFNDAYRYVDWLLNVPLLLVETVAVLTLPAKEARPLLIKLTVASVLMIATGYPGEISDDITTRIIWGTVSTIPFAYILYVLWVELSRSLVRQPAAVQTLVRNMRWLLLLSWGVYPIAYLLPMLGVSGTSAAVGVQVGYTIADVLAKPVFGLLVFAIALVKTKADQESSEPHAAIGAAANKSGGSLIS
sequence_40864,549,MLMTVFSSAPELALLGSTFAQVDPSNLSVSDSLTYGQFNLVYNAFSFAIAAMFASALFFFSAQALVGQRYRLALLVSAIVVSIAGYHYFRIFNSWDAAYVLENGVYSLTSEKFNDAYRYVDWLLVVPLLLVETVAVLTLPAKEARPLLIKLTVASVLMIATGYPGEISDDITTRIIWGTVSTIPFAYILYVLWVELSRSLVRQPAAVQTLVRNMRWLLLLSWGVYPIAYLLPMLGVSGTSAAVGVQVGYTIADVLAKPVFGLLVFAIALVKTKADQESSEPHAAIGAAANKSGGSLIS
sequence_40808,543,MLMTVFSSAPELALLGSTFAQVDPSNLSVSDSLTYGQFNLVYNAFSFAIAAMFASALFFFSAQALVGQRYRLALLVSAIVVSIAGYHYFRIFNSWDAAYVLENGVYSLTSEKFNDAYRYVDWLLTMPLLLVETVAVLTLPAKEARPLLIKLTVASVLMIATGYPGEISDDITTRIIWGTVSTIPFAYILYVLWVELSRSLVRQPAAVQTLVRNMRWLLLLSWGVYPIAYLLPMLGVSGTSAAVGVQVGYTIADVLAKPVFGLLVFAIALVKTKADQESSEPHAAIGAAANKSGGSLIS
sequence_40810,549,MLMTVFSSAPELALLGSTFAQVDPSNLSVSDSLTYGQFNLVYNAFSFAIAAMFASALFFFSAQALVGQRYRLALLVSAIVVSIAGYHYFRIFNSWDAAYVLENGVYSLTSEKFNDAYRYVDWLLTVPLKLVETVAVLTLPAKEARPLLIKLTVASVLMIATGYPGEISDDITTRIIWGTVSTIPFAYILYVLWVELSRSLVRQPAAVQTLVRNMRWLLLLSWGVYPIAYLLPMLGVSGTSAAVGVQVGYTIADVLAKPVFGLLVFAIALVKTKADQESSEPHAAIGAAANKSGGSLIS
sequence_40862,546,MLMTVFSSAPELALLGSTFAQVDPSNLSVSDSLTYGQFNLVYNAFSFAIAAMFASALFFFSAQALVGQRYRLALLVSAIVVSIAGYHYFRIFNSWDAAYVLENGVYSLTSEKFNDAYRYVDWLLTVPLWLVETVAVLTLPAKEARPLLIKLTVASVLMIATGYPGEISDDITTRIIWGTVSTIPFAYILYVLWVELSRSLVRQPAAVQTLVRNMRWLLLLSWGVYPIAYLLPMLGVSGTSAAVGVQVGYTIADVLAKPVFGLLVFAIALVKTKADQESSEPHAAIGAAANKSGGSLIS
sequence_40859,543,MLMTVFSSAPELALLGSTFAQVDPSNLSVSDSLTYGQFNLVYNAFSFAIAAMFASALFFFSAQALVGQRYRLALLVSAIVVSIAGYHYFRIFNSWDAAYVLENGVYSLTSEKFNDAYRYVDWLLTVPLLLVETVAVLTLPAKEARPLLIKLTVASVLMSATGYPGEISDDITTRIIWGTVSTIPFAYILYVLWVELSRSLVRQPAAVQTLVRNMRWLLLLSWGVYPIAYLLPMLGVSGTSAAVGVQVGYTIADVLAKPVFGLLVFAIALVKTKADQESSEPHAAIGAAANKSGGSLIS
sequence_40836,543,MLMTVFSSAPELALLGSTFAQVDPSNLSVSDSLTYGQFNLVYNAFSFAIAAMFASALFFFSAQALVGQRYRLALLVSAIVVSIAGYHYFRIFNSWDAAYVLENGVYSLTSEKFNDAYRYVDWLLTVPLLLVETVAVLTLPAKEARPLLIKLTVASVLMIATGYPGEISDDITTRIIWGTVSTIPTAYILYVLWVELSRSLVRQPAAVQTLVRNMRWLLLLSWGVYPIAYLLPMLGVSGTSAAVGVQVGYTIADVLAKPVFGLLVFAIALVKTKADQESSEPHAAIGAAANKSGGSLIS
sequence_40837,543,MLMTVFSSAPELALLGSTFAQVDPSNLSVSDSLTYGQFNLVYNAFSFAIAAMFASALFFFSAQALVGQRYRLALLVSAIVVSIAGYHYFRIFNSWDAAYVLENGVYSLTSEKFNDAYRYVDWLLTVPLLLVETVAVLTLPAKEARPLLIKLTVASVLMIATGYPGEISDDITTRIIWGTVSTIPWAYILYVLWVELSRSLVRQPAAVQTLVRNMRWLLLLSWGVYPIAYLLPMLGVSGTSAAVGVQVGYTIADVLAKPVFGLLVFAIALVKTKADQESSEPHAAIGAAANKSGGSLIS
sequence_40820,543,MLMTVFSSAPELALLGSTFAQVDPSNLSVSDSLTYGQFNLVYNAFSFAIAAMFASALFFFSAQALVGQRYRLALLVSAIVVSIAGYHYFRIFNSWDAAYVLENGVYSLTSEKFNDAYRYVDWLLTVPLLLVETVAVLTLPAKEARPLLIKLTVASVLMIATGYPGEISDDITTRIIWGTVSTIPFAYILYVLWVELSRSLVRQPAAVQTLVRNMRWLLLLSLGVYPIAYLLPMLGVSGTSAAVGVQVGYTIADVLAKPVFGLLVFAIALVKTKADQESSEPHAAIGAAANKSGGSLIS
sequence_40821,549,MLMTVFSSAPELALLGSTFAQVDPSNLSVSDSLTYGQFNLVYNAFSFAIAAMFASALFFFSAQALVGQRYRLALLVSAIVVSIAGYHYFRIFNSWDAAYVLENGVYSLTSEKFNDAYRYVDWLLTVPLLLVETVAVLTLPAKEARPLLIKLTVASVLMIATGYPGEISDDITTRIIWGTVSTIPFAYILYVLWVELSRSLVRQPAAVQTLVRNMRWLLLLSMGVYPIAYLLPMLGVSGTSAAVGVQVGYTIADVLAKPVFGLLVFAIALVKTKADQESSEPHAAIGAAANKSGGSLIS
sequence_40822,549,MLMTVFSSAPELALLGSTFAQVDPSNLSVSDSLTYGQFNLVYNAFSFAIAAMFASALFFFSAQALVGQRYRLALLVSAIVVSIAGYHYFRIFNSWDAAYVLENGVYSLTSEKFNDAYRYVDWLLTVPLLLVETVAVLTLPAKEARPLLIKLTVASVLMIATGYPGEISDDITTRIIWGTVSTIPFAYILYVLWVELSRSLVRQPAAVQTLVRNMRWLLLLSWGVAPIAYLLPMLGVSGTSAAVGVQVGYTIADVLAKPVFGLLVFAIALVKTKADQESSEPHAAIGAAANKSGGSLIS
sequence_40823,546,MLMTVFSSAPELALLGSTFAQVDPSNLSVSDSLTYGQFNLVYNAFSFAIAAMFASALFFFSAQALVGQRYRLALLVSAIVVSIAGYHYFRIFNSWDAAYVLENGVYSLTSEKFNDAYRYVDWLLTVPLLLVETVAVLTLPAKEARPLLIKLTVASVLMIATGYPGEISDDITTRIIWGTVSTIPFAYILYVLWVELSRSLVRQPAAVQTLVRNMRWLLLLSWGVYIIAYLLPMLGVSGTSAAVGVQVGYTIADVLAKPVFGLLVFAIALVKTKADQESSEPHAAIGAAANKSGGSLIS
sequence_40834,546,MLMTVFSSAPELALLGSTFAQVDPSNLSVSDSLTYGQFNLVYNAFSFAIAAMFASALFFFSAQALVGQRYRLALLVSAIVVSIAGYHYFRIFNSWDAAYVLENGVYSLTSEKFNDAYRYVDWLLTVPLLLVETVAVLTLPAKEARPLLIKLTVASVLMIATGYPGEISDDITTRIIWGTVSTIPFAYILYVLWVELSRSLVRQPAAVQTLVRNMRWLLLLSWGVYVIAYLLPMLGVSGTSAAVGVQVGYTIADVLAKPVFGLLVFAIALVKTKADQESSEPHAAIGAAANKSGGSLIS
sequence_40832,555,MLMTVFSSAPELALLGSTFAQVDPSNLSVSDSLTYGQFNLVYNAFSFAIAAMFASALFFFSAQALVGQRYRLALLVSAIVVSIAGYHYFRIFNSWDAAYVLENGVYSLTSEKFNDAYRYVDWLLTVPLLLVETVAVLTLPAKEARPLLIKLTVASVLMIATGYPGEISDDITTRIIWGTVSTIPFAYILYVLWVELSRSLVRQPAAVQTLVRNMRWLLLLSWGVYPIAYLLPMLGVSGTSAAVGVQVGYTIAEVLAKPVFGLLVFAIALVKTKADQESSEPHAAIGAAANKSGGSLIS
sequence_40833,549,MLMTVFSSAPELALLGSTFAQVDPSNLSVSDSLTYGQFNLVYNAFSFAIAAMFASALFFFSAQALVGQRYRLALLVSAIVVSIAGYHYFRIFNSWDAAYVLENGVYSLTSEKFNDAYRYVDWLLTVPLLLVETVAVLTLPAKEARPLLIKLTVASVLMIATGYPGEISDDITTRIIWGTVSTIPFAYILYVLWVELSRSLVRQPAAVQTLVRNMRWLLLLSWGVYPIAYLLPMLGVSGTSAAVGVQVGYTIATVLAKPVFGLLVFAIALVKTKADQESSEPHAAIGAAANKSGGSLIS
sequence_40830,558,MLMTVFSSAPELALLGSTFAQVDPSNLSVSDSLTYGQFNLVYNAFSFAIAAMFASALFFFSAQALVGQRYRLALLVSAIVVSIAGYHYFRIFNSWDAAYVLENGVYSLTSEKFNDAYRYVDWLLTVPLLLVETVAVLTLPAKEARPLLIKLTVASVLMIATGYPGEISDDITTRIIWGTVSTIPFAYILYVLWVELSRSLVRQPAAVQTLVRNMRWLLLLSWGVYPIAYLLPMLGVSGTSAAVGVQVGYTIADVLMKPVFGLLVFAIALVKTKADQESSEPHAAIGAAANKSGGSLIS
sequence_40798,579,MLMTVFSSAPELALLGSTFAQVDPSNLSVSDSLTYGQFNLVYNAFSFAIAAMFASALFFFSAQALVGQRYRLALLVSAIVVSIAGYHYFRIFNSWDAAYVLENGVYSLTSEKFNDAYRYVDWLLCVPLLLVETVAVLTLPAKEARPLLIKLTVASVLMIATGYPGEISDDITTRIIWGTVSTIPFAYILYVLWVELSRSLVRQPAAVQTLVRNMRWLLLLSWGVYPIAYLLPMLGVSGTSAAVGVQVGYTIADVLMKPVFGLLVFAIALVKTKADQESSEPHAAIGAAANKSGGSLIS
sequence_40865,580,MLMTVFSSAPELALLGSTFAQVDPSNLSVSDSLTYGQFNLVYNAFSFAIAAMFASALFFFSAQALVGQRYRLALLVSAIVVSIAGYHYFRIFNSWDAAYVLENGVYSLTSEKFNDAYRYVDWLLVVPLLLVETVAVLTLPAKEARPLLIKLTVASVLMIATGYPGEISDDITTRIIWGTVSTIPFAYILYVLWVELSRSLVRQPAAVQTLVRNMRWLLLLSWGVYPIAYLLPMLGVSGTSAAVGVQVGYTIADVLMKPVFGLLVFAIALVKTKADQESSEPHAAIGAAANKSGGSLIS
sequence_40863,566,MLMTVFSSAPELALLGSTFAQVDPSNLSVSDSLTYGQFNLVYNAFSFAIAAMFASALFFFSAQALVGQRYRLALLVSAIVVSIAGYHYFRIFNSWDAAYVLENGVYSLTSEKFNDAYRYVDWLLVVPLLLVETVAVLTLPAKEARPLLIKLTVASVLMIATGYPGEISDDITTRIIWGTVSTIPFAYILYVLWVELSRSLVRQPAAVQTLVRNMRWLLLLSMGVYPIAYLLPMLGVSGTSAAVGVQVGYTIADVLAKPVFGLLVFAIALVKTKADQESSEPHAAIGAAANKSGGSLIS
sequence_40801,561,MLMTVFSSAPELALLGSTFAQVDPSNLSVSDSLTYGQFNLVYNAFSFAIAAMFASALFFFSAQALVGQRYRLALLVSAIVVSIAGYHYFRIFNSWDAAYVLENGVYSLTSEKFNDAYRYVDWLLDVPLLLVETVAVLTLPAKEARPLLIKLTVASVLMIATGYPGEISDDITTRIIWGTVSTIPFAYILYVLWVELSRSLVRQPAAVQTLVRNMRWLLLLSWGVYPIAYLLPMLGVSGTSAAVGVQVGYTIADVLMKPVFGLLVFAIALVKTKADQESSEPHAAIGAAANKSGGSLIS
sequence_40802,560,MLMTVFSSAPELALLGSTFAQVDPSNLSVSDSLTYGQFNLVYNAFSFAIAAMFASALFFFSAQALVGQRYRLALLVSAIVVSIAGYHYFRIFNSWDAAYVLENGVYSLTSEKFNDAYRYVDWLLDVPLWLVETVAVLTLPAKEARPLLIKLTVASVLMIATGYPGEISDDITTRIIWGTVSTIPFAYILYVLWVELSRSLVRQPAAVQTLVRNMRWLLLLSWGVYPIAYLLPMLGVSGTSAAVGVQVGYTIADVLAKPVFGLLVFAIALVKTKADQESSEPHAAIGAAANKSGGSLIS
sequence_40796,567,MLMTVFSSAPELALLGSTFAQVDPSNLSVSDSLTYGQFNLVYNAFSFAIAAMFASALFFFSAQALVGQRYRLALLVSAIVVSIAGYHYFRIFNSWDAAYVLENGVYSLTSEKFNDAYRYVDWLLCVPLLLVETVAVLTLPAKEARPLLIKLTVASVLMIATGYPGEISDDITTRIIWGTVSTIPFAYILYVLWVELSRSLVRQPAAVQTLVRNMRWLLLLSMGVYPIAYLLPMLGVSGTSAAVGVQVGYTIADVLMKPVFGLLVFAIALVKTKADQESSEPHAAIGAAANKSGGSLIS
sequence_40795,562,MLMTVFSSAPELALLGSTFAQVDPSNLSVSDSLTYGQFNLVYNAFSFAIAAMFASALFFFSAQALVGQRYRLALLVSAIVVSIAGYHYFRIFNSWDAAYVLENGVYSLTSEKFNDAYRYVDWLLCVPLLLVETVAVLTLPAKEARPLLIKLTVASVLMIATGYPGEISDDITTRIIWGTVSTIPFAYILYVLWVELSRSLVRQPAAVQTLVRNMRWLLLLSMGVYPIAYLLPMLGVSGTSAAVGVQVGYTIADVLAKPVFGLLVFAIALVKTKADQESSEPHAAIGAAANKSGGSLIS
sequence_40866,620,MLMTVFSSAPELALLGSTFAQVDPSNLSVSDSLTYGQFNLVYNAFSFAIAAMFASALFFFSAQALVGQRYRLALLVSAIVVSIAGYHYFRIFNSWDAAYVLENGVYSLTSEKFNDAYRYVEWLLCVPLLLVETVAVLTLPAKEARPLLIKLTVASVLMIATGYPGEISDDITTRIIWGTVSTIPFAYILYVLWVELSRSLVRQPAAVQTLVRNMRWLLLLSWGVYPIAYLLPMLGVSGTSAAVGVQVGYTIADVLMKPVFGLLVFAIALVKTKADQESSEPHAAIGAAANKSGGSLIS
sequence_40799,597,MLMTVFSSAPELALLGSTFAQVDPSNLSVSDSLTYGQFNLVYNAFSFAIAAMFASALFFFSAQALVGQRYRLALLVSAIVVSIAGYHYFRIFNSWDAAYVLENGVYSLTSEKFNDAYRYVDWLLCVPLLLVETVAVLTLPAKEARPLLIKLTVASVLMIATGYPGEISDDITTRIIWGTVSTIPTAYILYVLWVELSRSLVRQPAAVQTLVRNMRWLLLLSWGVYPIAYLLPMLGVSGTSAAVGVQVGYTIADVLMKPVFGLLVFAIALVKTKADQESSEPHAAIGAAANKSGGSLIS
sequence_40788,510,MLMTVFSSAPELALLGSTFAQVDPSNLSVSDSLTYGQFNLVYNAFSFAIAAMFASALFFFSAQALVGQRYRLALLVSAIVVSIAGYHYFRIFNSWDAAYVLENGVYSLTSEKFNDAYRYVDGLLCVPLLLVETVAVLTLPAKEARPLLIKLTVASVLMIATGYPGEISDDITTRIIWGTVSTIPFAYILYVLWVELSRSLVRQPAAVQTLVRNMRWLLLLSWGVYPIAYLLPMLGVSGTSAAVGVQVGYTIADVLMKPVFGLLVFAIALVKTKADQESSEPHAAIGAAANKSGGSLIS
sequence_40867,622,MLMTVFSSAPELALLGSTFAQVDPSNLSVSDSLTYGQFNLVYNAFSFAIAAMFASALFFFSAQALVGQRYRLALLVSAIVVSIAGYHYFRIFNSWDAAYVLENGVYSLTSEKFNDAYRYVEWLLCVPLLLVETVAVLTLPAKEARPLLIKLTVASVLMIATGYPGEISDDITTRIIWGTVSTIPTAYILYVLWVELSRSLVRQPAAVQTLVRNMRWLLLLSWGVYPIAYLLPMLGVSGTSAAVGVQVGYTIADVLMKPVFGLLVFAIALVKTKADQESSEPHAAIGAAANKSGGSLIS
